<?xml version="1.0" encoding="UTF-8"?>
<project version="4">
  <component name="ChangeListManager">
    <list default="true" id="b8f68373-e187-4f1e-a755-1de4ead76630" name="Default Changelist" comment="" />
    <option name="SHOW_DIALOG" value="false" />
    <option name="HIGHLIGHT_CONFLICTS" value="true" />
    <option name="HIGHLIGHT_NON_ACTIVE_CHANGELIST" value="false" />
    <option name="LAST_RESOLUTION" value="IGNORE" />
  </component>
  <component name="FileTemplateManagerImpl">
    <option name="RECENT_TEMPLATES">
      <list>
        <option value="Class" />
      </list>
    </option>
  </component>
  <component name="ProjectId" id="1YNO8xFpSHkGmJl1XrJTJYB7ddS" />
  <component name="ProjectViewState">
    <option name="hideEmptyMiddlePackages" value="true" />
    <option name="showExcludedFiles" value="true" />
    <option name="showLibraryContents" value="true" />
  </component>
  <component name="PropertiesComponent">
    <property name="RunOnceActivity.ShowReadmeOnStart" value="true" />
  </component>
  <component name="RunManager">
    <configuration name="Main" type="Application" factoryName="Application">
      <option name="MAIN_CLASS_NAME" value="Main" />
      <module name="custom_paint" />
      <method v="2">
        <option name="Make" enabled="true" />
      </method>
    </configuration>
  </component>
  <component name="SvnConfiguration">
    <configuration />
  </component>
  <component name="TaskManager">
    <task active="true" id="Default" summary="Default task">
      <changelist id="b8f68373-e187-4f1e-a755-1de4ead76630" name="Default Changelist" comment="" />
      <created>1582779429049</created>
      <option name="number" value="Default" />
      <option name="presentableId" value="Default" />
      <updated>1582779429049</updated>
    </task>
    <servers />
  </component>
  <component name="WindowStateProjectService">
    <state x="141" y="30" key="#com.intellij.execution.impl.EditConfigurationsDialog" timestamp="1582779471105">
      <screen x="0" y="0" width="1366" height="744" />
    </state>
    <state x="141" y="30" key="#com.intellij.execution.impl.EditConfigurationsDialog/0.0.1366.744/0.0.1366.744@0.0.1366.744" timestamp="1582779471105" />
    <state width="1320" height="178" key="GridCell.Tab.0.bottom" timestamp="1582788432216">
      <screen x="0" y="0" width="1366" height="744" />
    </state>
    <state width="1320" height="178" key="GridCell.Tab.0.bottom/0.0.1366.744/0.0.1366.744@0.0.1366.744" timestamp="1582788432216" />
    <state width="1320" height="178" key="GridCell.Tab.0.center" timestamp="1582788432216">
      <screen x="0" y="0" width="1366" height="744" />
    </state>
    <state width="1320" height="178" key="GridCell.Tab.0.center/0.0.1366.744/0.0.1366.744@0.0.1366.744" timestamp="1582788432216" />
    <state width="1320" height="178" key="GridCell.Tab.0.left" timestamp="1582788432216">
      <screen x="0" y="0" width="1366" height="744" />
    </state>
    <state width="1320" height="178" key="GridCell.Tab.0.left/0.0.1366.744/0.0.1366.744@0.0.1366.744" timestamp="1582788432216" />
    <state width="1320" height="178" key="GridCell.Tab.0.right" timestamp="1582788432216">
      <screen x="0" y="0" width="1366" height="744" />
    </state>
    <state width="1320" height="178" key="GridCell.Tab.0.right/0.0.1366.744/0.0.1366.744@0.0.1366.744" timestamp="1582788432216" />
    <state x="345" y="164" key="run.anything.popup" timestamp="1582780910809">
      <screen x="0" y="0" width="1366" height="744" />
    </state>
    <state x="345" y="164" key="run.anything.popup/0.0.1366.744/0.0.1366.744@0.0.1366.744" timestamp="1582780910809" />
  </component>
</project>